{"s2, e10": {"5": [0.7364864864864865, 0.7567567567567568, 0.7635135135135135, 0.7837837837837838, 0.7635135135135135, 0.8581081081081081, 0.7972972972972973, 0.7551020408163265, 0.7891156462585034, 0.7414965986394558], "11": [0.7635135135135135, 0.8108108108108109, 0.7837837837837838, 0.831081081081081, 0.8175675675675675, 0.8986486486486487, 0.777027027027027, 0.7755102040816326, 0.7755102040816326, 0.7619047619047619], "17": [0.7567567567567568, 0.8108108108108109, 0.7972972972972973, 0.8243243243243243, 0.8175675675675675, 0.8783783783783784, 0.7972972972972973, 0.7891156462585034, 0.8095238095238095, 0.782312925170068], "23": [0.7635135135135135, 0.8243243243243243, 0.8040540540540541, 0.831081081081081, 0.8378378378378378, 0.8716216216216216, 0.8040540540540541, 0.7891156462585034, 0.8231292517006803, 0.7619047619047619], "29": [0.7635135135135135, 0.7837837837837838, 0.777027027027027, 0.831081081081081, 0.8175675675675675, 0.8851351351351351, 0.7905405405405406, 0.7959183673469388, 0.8027210884353742, 0.7619047619047619], "35": [0.75, 0.7905405405405406, 0.7905405405405406, 0.831081081081081, 0.8378378378378378, 0.8851351351351351, 0.8040540540540541, 0.8027210884353742, 0.8027210884353742, 0.7687074829931972], "41": [0.7702702702702703, 0.7837837837837838, 0.7972972972972973, 0.8175675675675675, 0.8378378378378378, 0.8918918918918919, 0.8040540540540541, 0.8231292517006803, 0.7959183673469388, 0.7414965986394558], "47": [0.777027027027027, 0.7635135135135135, 0.7905405405405406, 0.8243243243243243, 0.8581081081081081, 0.8918918918918919, 0.8040540540540541, 0.8231292517006803, 0.8027210884353742, 0.7482993197278912], "53": [0.7702702702702703, 0.777027027027027, 0.777027027027027, 0.8378378378378378, 0.8716216216216216, 0.8918918918918919, 0.8108108108108109, 0.8095238095238095, 0.8095238095238095, 0.7482993197278912], "59": [0.7702702702702703, 0.7972972972972973, 0.7905405405405406, 0.8445945945945946, 0.8851351351351351, 0.8851351351351351, 0.8040540540540541, 0.7959183673469388, 0.8231292517006803, 0.7482993197278912], "65": [0.7567567567567568, 0.7635135135135135, 0.777027027027027, 0.8243243243243243, 0.8581081081081081, 0.8986486486486487, 0.831081081081081, 0.8027210884353742, 0.8095238095238095, 0.7346938775510204]}, "s2, s10": {"5": [0.5405405405405406, 0.5067567567567568, 0.47297297297297297, 0.5405405405405406, 0.581081081081081, 0.5067567567567568, 0.5743243243243243, 0.5102040816326531, 0.5102040816326531, 0.48299319727891155], "11": [0.49324324324324326, 0.4391891891891892, 0.4797297297297297, 0.5337837837837838, 0.5743243243243243, 0.5337837837837838, 0.5540540540540541, 0.5374149659863946, 0.5102040816326531, 0.5170068027210885], "17": [0.4864864864864865, 0.4594594594594595, 0.46621621621621623, 0.5202702702702703, 0.5540540540540541, 0.5135135135135135, 0.5608108108108109, 0.4965986394557823, 0.5238095238095238, 0.5170068027210885], "23": [0.4864864864864865, 0.4189189189189189, 0.5472972972972973, 0.5135135135135135, 0.6216216216216216, 0.5472972972972973, 0.5608108108108109, 0.5306122448979592, 0.5170068027210885, 0.5034013605442177], "29": [0.5608108108108109, 0.46621621621621623, 0.5067567567567568, 0.5405405405405406, 0.5878378378378378, 0.5405405405405406, 0.5135135135135135, 0.5170068027210885, 0.5714285714285714, 0.5170068027210885], "35": [0.4797297297297297, 0.4797297297297297, 0.527027027027027, 0.5608108108108109, 0.5202702702702703, 0.527027027027027, 0.5675675675675675, 0.5578231292517006, 0.5850340136054422, 0.46938775510204084], "41": [0.4864864864864865, 0.5337837837837838, 0.5067567567567568, 0.5405405405405406, 0.5135135135135135, 0.527027027027027, 0.5337837837837838, 0.564625850340136, 0.54421768707483, 0.5170068027210885], "47": [0.5202702702702703, 0.5337837837837838, 0.5202702702702703, 0.5337837837837838, 0.5540540540540541, 0.5337837837837838, 0.5337837837837838, 0.5510204081632653, 0.5238095238095238, 0.5374149659863946], "53": [0.527027027027027, 0.49324324324324326, 0.5135135135135135, 0.527027027027027, 0.581081081081081, 0.5202702702702703, 0.527027027027027, 0.5510204081632653, 0.54421768707483, 0.5170068027210885], "59": [0.5337837837837838, 0.5, 0.5202702702702703, 0.5135135135135135, 0.6013513513513513, 0.5067567567567568, 0.581081081081081, 0.54421768707483, 0.564625850340136, 0.4897959183673469], "65": [0.5608108108108109, 0.527027027027027, 0.5135135135135135, 0.5067567567567568, 0.5743243243243243, 0.4864864864864865, 0.5540540540540541, 0.54421768707483, 0.5714285714285714, 0.5102040816326531]}, "h2, s10": {"5": [0.5135135135135135, 0.5135135135135135, 0.5202702702702703, 0.47297297297297297, 0.5405405405405406, 0.4864864864864865, 0.4594594594594595, 0.54421768707483, 0.5238095238095238, 0.5034013605442177], "11": [0.5067567567567568, 0.5472972972972973, 0.5067567567567568, 0.49324324324324326, 0.43243243243243246, 0.5135135135135135, 0.44594594594594594, 0.5170068027210885, 0.5374149659863946, 0.5374149659863946], "17": [0.5, 0.5540540540540541, 0.44594594594594594, 0.46621621621621623, 0.4594594594594595, 0.5472972972972973, 0.44594594594594594, 0.5578231292517006, 0.47619047619047616, 0.47619047619047616], "23": [0.47297297297297297, 0.5202702702702703, 0.4594594594594595, 0.4391891891891892, 0.4391891891891892, 0.5540540540540541, 0.44594594594594594, 0.5578231292517006, 0.5102040816326531, 0.5034013605442177], "29": [0.5337837837837838, 0.5675675675675675, 0.46621621621621623, 0.4391891891891892, 0.46621621621621623, 0.5405405405405406, 0.4189189189189189, 0.54421768707483, 0.5306122448979592, 0.4897959183673469], "35": [0.5202702702702703, 0.5405405405405406, 0.46621621621621623, 0.44594594594594594, 0.47297297297297297, 0.5135135135135135, 0.4391891891891892, 0.5238095238095238, 0.46938775510204084, 0.4897959183673469], "41": [0.5540540540540541, 0.581081081081081, 0.5202702702702703, 0.4391891891891892, 0.46621621621621623, 0.581081081081081, 0.43243243243243246, 0.5102040816326531, 0.5306122448979592, 0.4897959183673469], "47": [0.49324324324324326, 0.5675675675675675, 0.5337837837837838, 0.49324324324324326, 0.4594594594594595, 0.5608108108108109, 0.43243243243243246, 0.5170068027210885, 0.5306122448979592, 0.5170068027210885], "53": [0.5472972972972973, 0.527027027027027, 0.5202702702702703, 0.4797297297297297, 0.46621621621621623, 0.5540540540540541, 0.41216216216216217, 0.564625850340136, 0.5510204081632653, 0.5510204081632653], "59": [0.5337837837837838, 0.4864864864864865, 0.5337837837837838, 0.47297297297297297, 0.47297297297297297, 0.5067567567567568, 0.39864864864864863, 0.5238095238095238, 0.5170068027210885, 0.5034013605442177], "65": [0.5067567567567568, 0.5202702702702703, 0.5405405405405406, 0.4797297297297297, 0.4864864864864865, 0.5337837837837838, 0.3918918918918919, 0.5578231292517006, 0.4965986394557823, 0.5238095238095238]}, "e2, s10": {"5": [0.8040540540540541, 0.777027027027027, 0.7162162162162162, 0.7905405405405406, 0.8108108108108109, 0.8378378378378378, 0.75, 0.7414965986394558, 0.6462585034013606, 0.673469387755102], "11": [0.8108108108108109, 0.7837837837837838, 0.7567567567567568, 0.831081081081081, 0.7972972972972973, 0.831081081081081, 0.7702702702702703, 0.7414965986394558, 0.6870748299319728, 0.7006802721088435], "17": [0.8243243243243243, 0.7837837837837838, 0.7635135135135135, 0.831081081081081, 0.7837837837837838, 0.8445945945945946, 0.777027027027027, 0.7414965986394558, 0.6598639455782312, 0.6870748299319728], "23": [0.8243243243243243, 0.7702702702702703, 0.75, 0.8108108108108109, 0.7837837837837838, 0.8445945945945946, 0.7635135135135135, 0.7210884353741497, 0.6666666666666666, 0.6802721088435374], "29": [0.8175675675675675, 0.7567567567567568, 0.7364864864864865, 0.7972972972972973, 0.7702702702702703, 0.8581081081081081, 0.7567567567567568, 0.7414965986394558, 0.673469387755102, 0.6666666666666666],