{"h2, e10": {"5": [0.7937158469945356, 0.7759562841530054, 0.8442622950819673, 0.8633879781420765, 0.8483606557377049, 0.8920765027322405, 0.9030054644808743, 0.7814207650273224, 0.7377049180327869, 0.7226775956284153], "11": [0.8005464480874317, 0.8101092896174863, 0.8702185792349727, 0.889344262295082, 0.8483606557377049, 0.9112021857923497, 0.9153005464480874, 0.7978142076502732, 0.75, 0.7308743169398907], "17": [0.8005464480874317, 0.8128415300546448, 0.8647540983606558, 0.8989071038251366, 0.860655737704918, 0.9193989071038251, 0.9193989071038251, 0.7923497267759563, 0.7377049180327869, 0.73224043715847], "23": [0.8019125683060109, 0.8114754098360656, 0.8715846994535519, 0.9084699453551912, 0.8620218579234973, 0.9166666666666666, 0.912568306010929, 0.7909836065573771, 0.7486338797814208, 0.7199453551912568], "29": [0.8060109289617486, 0.8128415300546448, 0.8633879781420765, 0.9016393442622951, 0.860655737704918, 0.912568306010929, 0.9166666666666666, 0.7978142076502732, 0.744535519125683, 0.7158469945355191], "35": [0.7978142076502732, 0.8128415300546448, 0.8633879781420765, 0.8975409836065574, 0.8592896174863388, 0.9084699453551912, 0.9153005464480874, 0.8019125683060109, 0.744535519125683, 0.7103825136612022], "41": [0.8019125683060109, 0.8142076502732241, 0.860655737704918, 0.9016393442622951, 0.8579234972677595, 0.9057377049180327, 0.9153005464480874, 0.796448087431694, 0.7363387978142076, 0.7021857923497268], "47": [0.8060109289617486, 0.8114754098360656, 0.8647540983606558, 0.9016393442622951, 0.8524590163934426, 0.9057377049180327, 0.9166666666666666, 0.8046448087431693, 0.7308743169398907, 0.6980874316939891], "53": [0.8046448087431693, 0.8114754098360656, 0.8647540983606558, 0.9030054644808743, 0.8469945355191257, 0.9043715846994536, 0.9112021857923497, 0.8073770491803278, 0.7308743169398907, 0.6939890710382514], "59": [0.8019125683060109, 0.8101092896174863, 0.8633879781420765, 0.9016393442622951, 0.8483606557377049, 0.9030054644808743, 0.9166666666666666, 0.7991803278688525, 0.7281420765027322, 0.6857923497267759], "65": [0.8019125683060109, 0.8128415300546448, 0.8620218579234973, 0.9016393442622951, 0.8497267759562842, 0.9030054644808743, 0.907103825136612, 0.8032786885245902, 0.7213114754098361, 0.6898907103825137]}, "e2, e10": {"5": [0.773224043715847, 0.7923497267759563, 0.8442622950819673, 0.860655737704918, 0.8620218579234973, 0.9098360655737705, 0.9043715846994536, 0.7855191256830601, 0.744535519125683, 0.7622950819672131], "11": [0.7923497267759563, 0.8073770491803278, 0.8633879781420765, 0.8866120218579235, 0.8702185792349727, 0.9289617486338798, 0.9180327868852459, 0.7978142076502732, 0.7581967213114754, 0.773224043715847], "17": [0.8019125683060109, 0.8032786885245902, 0.8592896174863388, 0.8852459016393442, 0.8784153005464481, 0.9371584699453552, 0.9139344262295082, 0.8046448087431693, 0.7568306010928961, 0.8005464480874317], "23": [0.7841530054644809, 0.8046448087431693, 0.8592896174863388, 0.8879781420765027, 0.8797814207650273, 0.9385245901639344, 0.9139344262295082, 0.8183060109289617, 0.7581967213114754, 0.8046448087431693], "29": [0.7882513661202186, 0.8019125683060109, 0.8620218579234973, 0.894808743169399, 0.8838797814207651, 0.9426229508196722, 0.9084699453551912, 0.8292349726775956, 0.7609289617486339, 0.7950819672131147], "35": [0.7786885245901639, 0.8019125683060109, 0.8633879781420765, 0.894808743169399, 0.8825136612021858, 0.9371584699453552, 0.907103825136612, 0.8333333333333334, 0.755464480874317, 0.7991803278688525], "41": [0.7896174863387978, 0.8073770491803278, 0.8661202185792349, 0.894808743169399, 0.8784153005464481, 0.9344262295081968, 0.9057377049180327, 0.837431693989071, 0.7636612021857924, 0.7991803278688525], "47": [0.7827868852459017, 0.8046448087431693, 0.8633879781420765, 0.8907103825136612, 0.8852459016393442, 0.9371584699453552, 0.9043715846994536, 0.8387978142076503, 0.7636612021857924, 0.8046448087431693], "53": [0.7827868852459017, 0.7991803278688525, 0.8524590163934426, 0.8961748633879781, 0.8825136612021858, 0.9344262295081968, 0.9043715846994536, 0.8456284153005464, 0.7691256830601093, 0.8019125683060109], "59": [0.7855191256830601, 0.8019125683060109, 0.8565573770491803, 0.8879781420765027, 0.8784153005464481, 0.9316939890710383, 0.9057377049180327, 0.8469945355191257, 0.7622950819672131, 0.8032786885245902], "65": [0.7827868852459017, 0.796448087431694, 0.8538251366120219, 0.8879781420765027, 0.8756830601092896, 0.9275956284153005, 0.9030054644808743, 0.8524590163934426, 0.7595628415300546, 0.7991803278688525]}, "e2, s10": {"5": [0.7773224043715847, 0.7827868852459017, 0.8183060109289617, 0.8456284153005464, 0.8592896174863388, 0.8688524590163934, 0.8319672131147541, 0.73224043715847, 0.7144808743169399, 0.7896174863387978], "11": [0.7855191256830601, 0.8142076502732241, 0.825136612021858, 0.8688524590163934, 0.8647540983606558, 0.8852459016393442, 0.8469945355191257, 0.7513661202185792, 0.7131147540983607, 0.796448087431694], "17": [0.7841530054644809, 0.8155737704918032, 0.8265027322404371, 0.8674863387978142, 0.8674863387978142, 0.8866120218579235, 0.8620218579234973, 0.7527322404371585, 0.7281420765027322, 0.7909836065573771], "23": [0.7827868852459017, 0.8142076502732241, 0.8265027322404371, 0.8620218579234973, 0.8743169398907104, 0.8852459016393442, 0.8661202185792349, 0.755464480874317, 0.7254098360655737, 0.7909836065573771], "29": [0.7855191256830601, 0.8183060109289617, 0.8224043715846995, 0.8592896174863388, 0.8661202185792349, 0.8866120218579235, 0.8633879781420765, 0.7431693989071039, 0.726775956284153, 0.7882513661202186], "35": [0.7909836065573771, 0.8183060109289617, 0.8224043715846995, 0.8592896174863388, 0.8647540983606558, 0.8811475409836066, 0.8592896174863388, 0.7418032786885246, 0.726775956284153, 0.7800546448087432], "41": [0.7882513661202186, 0.8155737704918032, 0.8224043715846995, 0.8620218579234973, 0.8647540983606558, 0.8756830601092896, 0.860655737704918, 0.7472677595628415, 0.7185792349726776, 0.7691256830601093], "47": [0.7923497267759563, 0.819672131147541, 0.8237704918032787, 0.8620218579234973, 0.8661202185792349, 0.8688524590163934, 0.8620218579234973, 0.7363387978142076, 0.7144808743169399, 0.7595628415300546], "53": [0.7923497267759563, 0.8210382513661202, 0.8237704918032787, 0.8647540983606558, 0.8620218579234973, 0.8661202185792349, 0.8592896174863388, 0.7418032786885246, 0.7144808743169399, 0.7622950819672131], "59": [0.7896174863387978, 0.8237704918032787, 0.8224043715846995, 0.8647540983606558, 0.8620218579234973, 0.860655737704918, 0.8633879781420765, 0.7418032786885246, 0.7172131147540983, 0.7540983606557377], "65": [0.7855191256830601, 0.825136612021858, 0.8237704918032787, 0.8647540983606558, 0.860655737704918, 0.8620218579234973, 0.860655737704918, 0.7404371584699454, 0.7185792349726776, 0.75]}, "h2, s10": {"5": [0.6693989071038251, 0.674863387978142, 0.6775956284153005, 0.6338797814207651, 0.6543715846994536, 0.73224043715847, 0.7158469945355191, 0.6707650273224044, 0.5915300546448088, 0.6297814207650273], "11": [0.6816939890710383, 0.6885245901639344, 0.7117486338797814, 0.6693989071038251, 0.703551912568306, 0.7609289617486339, 0.7295081967213115, 0.6953551912568307, 0.6092896174863388, 0.6639344262295082], "17": [0.6980874316939891, 0.703551912568306, 0.7185792349726776, 0.6939890710382514, 0.7185792349726776, 0.7595628415300546, 0.73224043715847, 0.7349726775956285, 0.6202185792349727, 0.703551912568306], "23": [0.6980874316939891, 0.7049180327868853, 0.7062841530054644, 0.6898907103825137, 0.7226775956284153, 0.7527322404371585, 0.7404371584699454, 0.7459016393442623, 0.6379781420765027, 0.703551912568306], "29": [0.6994535519125683, 0.7158469945355191, 0.7008196721311475, 0.6939890710382514, 0.7185792349726776, 0.7527322404371585, 0.75, 0.75, 0.6366120218579235, 0.7021857923497268],