{"h2, e10": {"5": [0.8717532467532467, 0.9090909090909091, 0.9155844155844156, 0.926948051948052, 0.8668831168831169, 0.9172077922077922, 0.9366883116883117, 0.900974025974026, 0.8116883116883117, 0.8552845528455284], "11": [0.8685064935064936, 0.9334415584415584, 0.9253246753246753, 0.9334415584415584, 0.8636363636363636, 0.935064935064935, 0.9577922077922078, 0.9172077922077922, 0.8214285714285714, 0.8569105691056911], "17": [0.875, 0.9285714285714286, 0.9301948051948052, 0.939935064935065, 0.8717532467532467, 0.9431818181818182, 0.9577922077922078, 0.9155844155844156, 0.823051948051948, 0.848780487804878], "23": [0.8863636363636364, 0.9366883116883117, 0.9301948051948052, 0.9464285714285714, 0.8733766233766234, 0.935064935064935, 0.9659090909090909, 0.9204545454545454, 0.8246753246753247, 0.8455284552845529], "29": [0.887987012987013, 0.9415584415584416, 0.9237012987012987, 0.9383116883116883, 0.8636363636363636, 0.922077922077922, 0.961038961038961, 0.922077922077922, 0.8295454545454546, 0.848780487804878], "35": [0.8831168831168831, 0.935064935064935, 0.9172077922077922, 0.9464285714285714, 0.8636363636363636, 0.9188311688311688, 0.961038961038961, 0.9188311688311688, 0.8262987012987013, 0.8390243902439024], "41": [0.8733766233766234, 0.9383116883116883, 0.9188311688311688, 0.9415584415584416, 0.8701298701298701, 0.9253246753246753, 0.9626623376623377, 0.9237012987012987, 0.8246753246753247, 0.8357723577235773], "47": [0.8847402597402597, 0.9415584415584416, 0.9188311688311688, 0.935064935064935, 0.8555194805194806, 0.9237012987012987, 0.9626623376623377, 0.9204545454545454, 0.8165584415584416, 0.8292682926829268], "53": [0.8782467532467533, 0.9415584415584416, 0.9188311688311688, 0.9366883116883117, 0.849025974025974, 0.9155844155844156, 0.9577922077922078, 0.9204545454545454, 0.8068181818181818, 0.8211382113821138], "59": [0.8782467532467533, 0.9415584415584416, 0.9155844155844156, 0.939935064935065, 0.8474025974025974, 0.913961038961039, 0.9561688311688312, 0.9204545454545454, 0.810064935064935, 0.8211382113821138], "65": [0.8766233766233766, 0.935064935064935, 0.9123376623376623, 0.9366883116883117, 0.849025974025974, 0.913961038961039, 0.9577922077922078, 0.9188311688311688, 0.801948051948052, 0.8178861788617886]}, "e2, e10": {"5": [0.8944805194805194, 0.9074675324675324, 0.9496753246753247, 0.9464285714285714, 0.887987012987013, 0.9464285714285714, 0.948051948051948, 0.900974025974026, 0.8214285714285714, 0.8747967479674796], "11": [0.9090909090909091, 0.9237012987012987, 0.9545454545454546, 0.935064935064935, 0.8896103896103896, 0.9496753246753247, 0.9626623376623377, 0.9090909090909091, 0.8262987012987013, 0.8829268292682927], "17": [0.9107142857142857, 0.926948051948052, 0.9561688311688312, 0.9431818181818182, 0.8961038961038961, 0.9626623376623377, 0.9561688311688312, 0.9172077922077922, 0.8262987012987013, 0.8796747967479674], "23": [0.9107142857142857, 0.9253246753246753, 0.9496753246753247, 0.952922077922078, 0.8993506493506493, 0.9626623376623377, 0.9496753246753247, 0.926948051948052, 0.8246753246753247, 0.8682926829268293], "29": [0.9155844155844156, 0.9204545454545454, 0.9512987012987013, 0.9464285714285714, 0.900974025974026, 0.9561688311688312, 0.9496753246753247, 0.9366883116883117, 0.8262987012987013, 0.8829268292682927], "35": [0.9074675324675324, 0.9334415584415584, 0.9512987012987013, 0.9431818181818182, 0.9042207792207793, 0.9545454545454546, 0.9431818181818182, 0.9318181818181818, 0.8262987012987013, 0.8861788617886179], "41": [0.9123376623376623, 0.9285714285714286, 0.948051948051948, 0.9415584415584416, 0.9025974025974026, 0.9561688311688312, 0.9383116883116883, 0.9301948051948052, 0.827922077922078, 0.8878048780487805], "47": [0.9074675324675324, 0.922077922077922, 0.9464285714285714, 0.9415584415584416, 0.9025974025974026, 0.952922077922078, 0.9464285714285714, 0.9318181818181818, 0.8262987012987013, 0.8845528455284553], "53": [0.9074675324675324, 0.922077922077922, 0.939935064935065, 0.9301948051948052, 0.8961038961038961, 0.9512987012987013, 0.9464285714285714, 0.935064935064935, 0.8311688311688312, 0.8764227642276423], "59": [0.9058441558441559, 0.9204545454545454, 0.9448051948051948, 0.9253246753246753, 0.8944805194805194, 0.9512987012987013, 0.9431818181818182, 0.9334415584415584, 0.827922077922078, 0.8780487804878049], "65": [0.9042207792207793, 0.9188311688311688, 0.939935064935065, 0.9253246753246753, 0.887987012987013, 0.948051948051948, 0.9431818181818182, 0.9318181818181818, 0.8246753246753247, 0.8813008130081301]}, "e2, s10": {"5": [0.9204545454545454, 0.9642857142857143, 0.9772727272727273, 0.9756493506493507, 0.9496753246753247, 0.9821428571428571, 0.9675324675324676, 0.9058441558441559, 0.8474025974025974, 0.9512195121951219], "11": [0.9301948051948052, 0.9724025974025974, 0.9837662337662337, 0.9756493506493507, 0.9561688311688312, 0.9902597402597403, 0.9691558441558441, 0.9074675324675324, 0.8376623376623377, 0.9479674796747968], "17": [0.935064935064935, 0.974025974025974, 0.9821428571428571, 0.9788961038961039, 0.9675324675324676, 0.9886363636363636, 0.9724025974025974, 0.8961038961038961, 0.8409090909090909, 0.9447154471544715], "23": [0.9334415584415584, 0.9756493506493507, 0.9805194805194806, 0.9805194805194806, 0.9707792207792207, 0.9902597402597403, 0.9772727272727273, 0.8912337662337663, 0.8344155844155844, 0.9349593495934959], "29": [0.935064935064935, 0.9788961038961039, 0.9805194805194806, 0.9821428571428571, 0.9756493506493507, 0.9886363636363636, 0.9756493506493507, 0.8896103896103896, 0.8311688311688312, 0.9235772357723577], "35": [0.935064935064935, 0.9772727272727273, 0.9805194805194806, 0.9805194805194806, 0.9788961038961039, 0.9902597402597403, 0.974025974025974, 0.887987012987013, 0.8295454545454546, 0.9105691056910569], "41": [0.9366883116883117, 0.9772727272727273, 0.9788961038961039, 0.9805194805194806, 0.9837662337662337, 0.9886363636363636, 0.974025974025974, 0.8912337662337663, 0.827922077922078, 0.8894308943089431], "47": [0.9334415584415584, 0.9772727272727273, 0.9788961038961039, 0.9788961038961039, 0.9805194805194806, 0.9902597402597403, 0.9756493506493507, 0.8896103896103896, 0.8295454545454546, 0.8829268292682927], "53": [0.9366883116883117, 0.9805194805194806, 0.9788961038961039, 0.9805194805194806, 0.9805194805194806, 0.9886363636363636, 0.9756493506493507, 0.8912337662337663, 0.827922077922078, 0.8601626016260162], "59": [0.9366883116883117, 0.9821428571428571, 0.9788961038961039, 0.9805194805194806, 0.9821428571428571, 0.9902597402597403, 0.9756493506493507, 0.8944805194805194, 0.827922077922078, 0.8504065040650407], "65": [0.9366883116883117, 0.9788961038961039, 0.9821428571428571, 0.9805194805194806, 0.9837662337662337, 0.9886363636363636, 0.9756493506493507, 0.8912337662337663, 0.8246753246753247, 0.8455284552845529]}, "h2, s10": {"5": [0.8392857142857143, 0.849025974025974, 0.8538961038961039, 0.827922077922078, 0.8133116883116883, 0.8814935064935064, 0.8587662337662337, 0.8441558441558441, 0.7581168831168831, 0.8113821138211382], "11": [0.8344155844155844, 0.862012987012987, 0.862012987012987, 0.8555194805194806, 0.836038961038961, 0.8912337662337663, 0.8717532467532467, 0.8668831168831169, 0.7435064935064936, 0.8276422764227642], "17": [0.8409090909090909, 0.8555194805194806, 0.8522727272727273, 0.8538961038961039, 0.8376623376623377, 0.8863636363636364, 0.8831168831168831, 0.8814935064935064, 0.7581168831168831, 0.8373983739837398], "23": [0.836038961038961, 0.8652597402597403, 0.8457792207792207, 0.8457792207792207, 0.8327922077922078, 0.8782467532467533, 0.875, 0.8798701298701299, 0.7597402597402597, 0.8292682926829268], "29": [0.8198051948051948, 0.8798701298701299, 0.8555194805194806, 0.8457792207792207, 0.8392857142857143, 0.8798701298701299, 0.8912337662337663, 0.8831168831168831, 0.7694805194805194, 0.8308943089430895],